USE [UBBdatabase]

insert into classroom (classroom_id,classroom_name,department,in_use,number_of_computers) values (2, 'S1', 'MB', 1, 20)
insert into classroom (classroom_id,classroom_name,department,in_use,number_of_computers) values (3, 'S2', 'MB', 1, 0)
insert into classroom (classroom_id,classroom_name,department,in_use,number_of_computers) values (4, 'S3', 'SB', 1, 10)
insert into classroom (classroom_id,classroom_name,department,in_use,number_of_computers) values (5, 'V1', 'MB', 1, 0)
insert into classroom (classroom_id,classroom_name,department,in_use,number_of_computers) values (6, 'V2', 'SB', 0, 10)


insert into role (role_id, description) values (100, 'Student')
insert into role (role_id, description) values (101, 'Professor')
insert into role (role_id, description) values (102, 'Admin')
insert into role (role_id, description) values (103, 'Tutor')

insert into permission (permission_id,description) values (100,'View courses')
insert into permission (permission_id,description) values (101,'Request course enrollment')
insert into permission (permission_id,description) values (103,'Add new roles')
insert into permission (permission_id,description) values (115,'Add new permissions')
insert into permission (permission_id,description) values (104,'Add new users')
insert into permission (permission_id,description) values (105,'Approve/Deny requests')
insert into permission (permission_id,description) values (106,'Add grades')
insert into permission (permission_id,description) values (107,'Edit grades')
insert into permission (permission_id,description) values (108,'Publish homework')
insert into permission (permission_id,description) values (109,'Request classroom')
insert into permission (permission_id,description) values (110,'Send other request')
insert into permission (permission_id,description) values (111,'Request tutor permissions')

insert into role_permission(role_role_id, permission_permission_id) values (100, 100)
insert into role_permission(role_role_id, permission_permission_id) values (100, 101)
insert into role_permission(role_role_id, permission_permission_id) values (100, 111)
insert into role_permission(role_role_id, permission_permission_id) values (100, 110)
insert into role_permission(role_role_id, permission_permission_id) values (101, 106)
insert into role_permission(role_role_id, permission_permission_id) values (101, 107)
insert into role_permission(role_role_id, permission_permission_id) values (101, 108)
insert into role_permission(role_role_id, permission_permission_id) values (102, 100)
insert into role_permission(role_role_id, permission_permission_id) values (102, 103)
insert into role_permission(role_role_id, permission_permission_id) values (102, 104)
insert into role_permission(role_role_id, permission_permission_id) values (102, 115)
insert into role_permission(role_role_id, permission_permission_id) values (102, 105)
insert into role_permission(role_role_id, permission_permission_id) values (103, 100)
insert into role_permission(role_role_id, permission_permission_id) values (103, 106)
insert into role_permission(role_role_id, permission_permission_id) values (103, 107)

insert into credentials (credential_id ,is_locked ,password,username,role_role_id) values (1000, 0, 'Passw0rd', 'rseferagic1', 102)
insert into credentials (credential_id ,is_locked ,password,username,role_role_id) values (1001, 0, 'Passw0rd', 'aalicic1', 102)
insert into credentials (credential_id ,is_locked ,password,username,role_role_id) values (1002, 0, 'Passw0rd', 'bomerovic1', 101)
insert into credentials (credential_id ,is_locked ,password,username,role_role_id) values (1003, 0, 'Passw0rd', 'rpedljak1', 101)
insert into credentials (credential_id ,is_locked ,password,username,role_role_id) values (1004, 1, 'Passw0rd', 'asalcin2',100)
insert into credentials (credential_id ,is_locked ,password,username,role_role_id) values (1005, 0, 'Passw0rd', 'lramic1', 100)
insert into credentials (credential_id ,is_locked ,password,username,role_role_id) values (1006, 0, 'Passw0rd', 'ccrule1', 102)
insert into credentials (credential_id ,is_locked ,password,username,role_role_id) values (1007, 0, 'Passw0rd', 'jalbert1', 102)
insert into credentials (credential_id ,is_locked ,password,username,role_role_id) values (1008, 0, 'Passw0rd', 'ojustin1', 101)
insert into credentials (credential_id ,is_locked ,password,username,role_role_id) values (1009, 0, 'Passw0rd', 'wgibbons1', 101)
insert into credentials (credential_id ,is_locked ,password,username,role_role_id) values (1010, 1, 'Passw0rd', 'akeen2', 100)
insert into credentials (credential_id ,is_locked ,password,username,role_role_id) values (1011, 0, 'Passw0rd', 'shunt1', 100)

insert into ubb_user (user_id,email,first_name,last_name,date_created,credentials_credential_id) values (1000, 'rseferagic1@etf.unsa.ba', 'Raisa', 'Seferagic', '20.01.2016. 08:26 AM', 1000)
insert into ubb_user (user_id,email,first_name,last_name,date_created,credentials_credential_id) values (1001, 'aalicic1@etf.unsa.ba', 'Adna', 'Alicic', '20.06.2018. 08:43 AM', 1001)
insert into ubb_user (user_id,email,first_name,last_name,date_created,credentials_credential_id) values (1006, 'ccrule1@etf.unsa.ba', 'Cecilia', 'Crule', '20.01.2016. 08:26 AM', 1006)
insert into ubb_user (user_id,email,first_name,last_name,date_created,credentials_credential_id) values (1007, 'jalbert1@etf.unsa.ba', 'Jacob', 'Albert', '20.06.2018. 08:43 AM', 1007)
insert into ubb_user (user_id,email,first_name,last_name,date_created,credentials_credential_id) values (1002, 'bomerovic1@etf.unsa.ba', 'Berina', 'Omerovic', '25.01.2017. 08:36 AM', 1002)
insert into ubb_user (user_id,email,first_name,last_name,date_created,credentials_credential_id) values (1003, 'rpedljak1@etf.unsa.ba', 'Rijad', 'Pedljak', '10.04.2018. 10:49 AM', 1003)
insert into ubb_user (user_id,email,first_name,last_name,date_created,credentials_credential_id) values (1008, 'ojustin1@etf.unsa.ba', 'Olivia', 'Justin', '25.01.2017. 08:36 AM', 1008)
insert into ubb_user (user_id,email,first_name,last_name,date_created,credentials_credential_id) values (1009, 'wgibbons1@etf.unsa.ba', 'Wes', 'Gibbons', '10.04.2018. 10:49 AM', 1009)
insert into ubb_user (user_id,email,first_name,last_name,date_created,credentials_credential_id) values (1004, 'asalcin2@etf.unsa.ba', 'Amina', 'Salcin', '31.01.2016. 12:24 PM', 1004)
insert into ubb_user (user_id,email,first_name,last_name,date_created,credentials_credential_id) values (1005, 'lramic1@etf.unsa.ba', 'Lejla', 'Ramic', '20.11.2016. 17:04 PM', 1005)
insert into ubb_user (user_id,email,first_name,last_name,date_created,credentials_credential_id) values (1010, 'akeen2@etf.unsa.ba', 'Annalise', 'Keen', '31.01.2016. 12:24 PM', 1010)
insert into ubb_user (user_id,email,first_name,last_name,date_created,credentials_credential_id) values (1011, 'shunt1@etf.unsa.ba', 'Sharon', 'Hunt', '20.11.2016. 17:04 PM', 1011)


insert into student (student_id, index_number, user_user_id) values (1002, 22222, 1002)
insert into student (student_id, index_number, user_user_id) values (1003, 33333, 1003)

insert into professor (professor_id, user_user_id) values (1, 1002)
insert into professor (professor_id, user_user_id) values (2, 1003)

insert into course (course_id, description, max_number_of_students, name, syllabus, professor_id) values (100, 'PPIS', 60, 'PPIS', 'syllabus', 1)
insert into course (course_id, description, max_number_of_students, name, syllabus, professor_id) values  (101, 'PIS', 80, 'PIS', 'syllabus', 2)
insert into course (course_id, description, max_number_of_students, name, syllabus, professor_id) values (102, 'RM', 60, 'RM', 'syllabus', 1)
insert into course (course_id, description, max_number_of_students, name, syllabus, professor_id) values  (103, 'NWT', 80, 'NWT', 'syllabus', 2)
insert into course (course_id, description, max_number_of_students, name, syllabus, professor_id) values (104, 'NGA', 60, 'NGA', 'syllabus', 1)
insert into course (course_id, description, max_number_of_students, name, syllabus, professor_id) values  (105, 'WT', 80, 'WT', 'syllabus', 2)
insert into course (course_id, description, max_number_of_students, name, syllabus, professor_id) values (106, 'OI', 60, 'OI', 'syllabus', 1)
insert into course (course_id, description, max_number_of_students, name, syllabus, professor_id) values  (107, 'RG', 80, 'RG', 'syllabus', 2)

insert into report (report_id,exam_one,exam_two,final_grade,homework,course_course_id) values (1, 15, null, null, 2.5, 100)
insert into report (report_id,exam_one,exam_two,final_grade,homework,course_course_id) values (2, 16, null, null, 2, 101)
insert into report (report_id,exam_one,exam_two,final_grade,homework,course_course_id) values (3, 14, null, null, 2.5, 102)
